id,booking_status
0,0
1,0
2,0
3,1
4,0
5,0
6,1
7,0
8,1
9,0
10,0
11,1
12,0
13,1
14,0
15,0
16,0
17,0
18,1
19,0
20,0
21,0
22,0
23,0
24,0
25,0
26,1
27,0
28,0
29,0
30,0
31,0
32,0
33,0
34,0
35,1
36,0
37,0
38,0
39,0
40,0
41,1
42,0
43,1
44,0
45,1
46,1
47,1
48,1
49,1
50,0
51,0
52,1
53,1
54,0
55,0
56,0
57,1
58,1
59,1
60,0
61,0
62,0
63,0
64,0
65,0
66,0
67,0
68,0
69,1
70,0
71,1
72,0
73,0
74,1
75,0
76,1
77,0
78,1
79,0
80,0
81,1
82,1
83,0
84,1
85,1
86,0
87,0
88,0
89,1
90,0
91,1
92,0
93,1
94,0
95,0
96,0
97,1
98,1
99,0
100,0
101,1
102,0
103,0
104,0
105,1
106,0
107,0
108,0
109,1
110,1
111,0
112,0
113,0
114,1
115,1
116,0
117,0
118,0
119,0
120,1
121,0
122,0
123,0
124,0
125,0
126,0
127,1
128,0
129,0
130,0
131,1
132,0
133,0
134,1
135,1
136,0
137,0
138,0
139,1
140,1
141,0
142,0
143,0
144,1
145,0
146,0
147,0
148,0
149,1
150,0
151,0
152,1
153,0
154,0
155,1
156,0
157,0
158,0
159,1
160,0
161,0
162,1
163,0
164,0
165,0
166,0
167,1
168,1
169,1
170,1
171,0
172,1
173,0
174,0
175,0
176,0
177,1
178,0
179,0
180,0
181,1
182,0
183,1
184,0
185,1
186,0
187,0
188,0
189,0
190,0
191,0
192,0
193,0
194,0
195,0
196,0
197,0
198,0
199,0
200,0
201,0
202,0
203,0
204,0
205,0
206,0
207,1
208,1
209,0
210,0
211,0
212,0
213,0
214,0
215,0
216,0
217,1
218,0
219,0
220,0
221,1
222,1
223,0
224,0
225,0
226,0
227,1
228,0
229,0
230,0
231,1
232,0
233,0
234,1
235,0
236,0
237,1
238,0
239,0
240,0
241,0
242,0
243,0
244,0
245,0
246,0
247,0
248,1
249,0
250,0
251,0
252,0
253,0
254,1
255,1
256,0
257,1
258,0
259,0
260,1
261,0
262,1
263,0
264,0
265,0
266,0
267,0
268,1
269,1
270,0
271,0
272,0
273,0
274,0
275,1
276,1
277,0
278,0
279,1
280,0
281,0
282,0
283,0
284,0
285,0
286,1
287,0
288,1
289,0
290,0
291,0
292,0
293,1
294,0
295,1
296,0
297,1
298,0
299,0
300,0
301,0
302,0
303,0
304,0
305,0
306,1
307,0
308,0
309,1
310,1
311,0
312,1
313,0
314,0
315,0
316,0
317,0
318,1
319,0
320,0
321,1
322,0
323,1
324,1
325,0
326,1
327,1
328,0
329,1
330,1
331,1
332,0
333,0
334,0
335,0
336,0
337,0
338,0
339,0
340,0
341,0
342,1
343,0
344,1
345,0
346,1
347,0
348,1
349,1
350,0
351,0
352,0
353,1
354,0
355,1
356,0
357,0
358,0
359,1
360,0
361,1
362,0
363,1
364,0
365,1
366,0
367,1
368,0
369,0
370,0
371,0
372,1
373,0
374,0
375,0
376,1
377,0
378,0
379,0
380,0
381,0
382,0
383,1
384,0
385,0
386,0
387,0
388,0
389,0
390,0
391,0
392,0
393,1
394,1
395,0
396,1
397,1
398,0
399,1
400,1
401,1
402,0
403,0
404,0
405,1
406,0
407,0
408,0
409,1
410,0
411,0
412,1
413,0
414,0
415,0
416,0
417,1
418,1
419,0
420,0
421,0
422,0
423,0
424,0
425,0
426,0
427,0
428,1
429,0
430,0
431,1
432,0
433,0
434,0
435,1
436,0
437,0
438,0
439,0
440,0
441,1
442,0
443,1
444,0
445,0
446,0
447,0
448,1
449,0
450,0
451,0
452,1
453,0
454,0
455,0
456,1
457,0
458,0
459,0
460,0
461,0
462,0
463,0
464,0
465,0
466,0
467,1
468,0
469,0
470,0
471,1
472,1
473,0
474,1
475,0
476,0
477,0
478,0
479,1
480,0
481,0
482,1
483,0
484,1
485,1
486,1
487,0
488,0
489,0
490,0
491,1
492,0
493,0
494,0
495,0
496,0
497,1
498,0
499,1
500,0
501,1
502,0
503,0
504,1
505,0
506,1
507,0
508,0
509,0
510,0
511,0
512,0
513,0
514,0
515,1
516,0
517,1
518,1
519,1
520,0
521,0
522,0
523,0
524,0
525,0
526,1
527,1
528,0
529,0
530,0
531,1
532,1
533,0
534,0
535,1
536,1
537,0
538,0
539,1
540,0
541,0
542,0
543,0
544,0
545,0
546,0
547,0
548,1
549,1
550,0
551,1
552,0
553,0
554,1
555,1
556,0
557,1
558,0
559,1
560,0
561,0
562,0
563,1
564,0
565,0
566,0
567,0
568,0
569,0
570,0
571,0
572,1
573,1
574,0
575,0
576,0
577,0
578,0
579,0
580,0
581,0
582,0
583,0
584,0
585,0
586,1
587,0
588,0
589,0
590,1
591,1
592,0
593,1
594,1
595,1
596,0
597,0
598,0
599,0
600,0
601,0
602,0
603,1
604,0
605,1
606,1
607,1
608,0
609,0
610,1
611,0
612,0
613,1
614,0
615,1
616,0
617,0
618,0
619,0
620,0
621,0
622,1
623,1
624,0
625,1
626,0
627,0
628,1
629,0
630,1
631,0
632,0
633,1
634,0
635,0
636,1
637,0
638,1
639,0
640,0
641,0
642,0
643,1
644,0
645,0
646,0
647,1
648,1
649,0
650,0
651,0
652,0
653,0
654,0
655,1
656,0
657,0
658,0
659,0
660,0
661,1
662,0
663,1
664,1
665,0
666,1
667,0
668,1
669,1
670,0
671,0
672,0
673,0
674,0
675,0
676,1
677,1
678,1
679,0
680,1
681,0
682,0
683,1
684,0
685,1
686,0
687,0
688,0
689,0
690,0
691,0
692,0
693,1
694,1
695,0
696,0
697,1
698,1
699,0
700,0
701,1
702,0
703,0
704,1
705,0
706,1
707,0
708,1
709,0
710,1
711,0
712,0
713,0
714,0
715,0
716,1
717,0
718,0
719,0
720,1
721,1
722,0
723,0
724,1
725,0
726,0
727,0
728,0
729,0
730,0
731,1
732,0
733,0
734,1
735,0
736,0
737,0
738,1
739,1
740,1
741,0
742,0
743,0
744,1
745,0
746,0
747,0
748,1
749,0
750,1
751,0
752,0
753,0
754,0
755,1
756,0
757,0
758,0
759,0
760,1
761,0
762,0
763,0
764,0
765,0
766,1
767,0
768,0
769,1
770,0
771,0
772,0
773,0
774,0
775,0
776,0
777,0
778,0
779,0
780,1
781,0
782,0
783,0
784,0
785,0
786,0
787,0
788,1
789,0
790,0
791,0
792,0
793,0
794,0
795,1
796,0
797,1
798,0
799,1
800,0
801,0
802,1
803,1
804,0
805,1
806,0
807,0
808,0
809,0
810,0
811,0
812,1
813,0
814,0
815,0
816,0
817,0
818,0
819,0
820,0
821,0
822,0
823,1
824,0
825,1
826,1
827,0
828,0
829,0
830,0
831,0
832,0
833,0
834,1
835,0
836,0
837,0
838,0
839,0
840,0
841,0
842,0
843,1
844,0
845,0
846,0
847,1
848,0
849,0
850,1
851,1
852,0
853,0
854,1
855,1
856,1
857,0
858,1
859,0
860,1
861,0
862,1
863,0
864,1
865,0
866,1
867,0
868,1
869,1
870,0
871,0
872,0
873,1
874,1
875,0
876,0
877,0
878,0
879,0
880,1
881,0
882,0
883,0
884,1
885,0
886,1
887,1
888,0
889,0
890,0
891,0
892,0
893,0
894,1
895,0
896,0
897,0
898,0
899,1
900,0
901,1
902,0
903,0
904,0
905,0
906,0
907,0
908,0
909,1
910,1
911,1
912,0
913,1
914,1
915,1
916,1
917,0
918,0
919,1
920,0
921,1
922,1
923,1
924,0
925,0
926,0
927,0
928,0
929,0
930,1
931,1
932,0
933,0
934,0
935,0
936,0
937,1
938,0
939,0
940,0
941,1
942,0
943,1
944,1
945,1
946,0
947,0
948,0
949,0
950,1
951,1
952,0
953,0
954,0
955,0
956,1
957,0
958,0
959,1
960,0
961,0
962,0
963,0
964,0
965,0
966,0
967,1
968,0
969,0
970,0
971,0
972,0
973,0
974,0
975,0
976,0
977,0
978,1
979,0
980,0
981,1
982,0
983,0
984,0
985,0
986,0
987,0
988,0
989,0
990,0
991,0
992,1
993,1
994,0
995,0
996,0
997,0
998,0
999,0
1000,0
1001,1
1002,1
1003,0
1004,1
1005,1
1006,1
1007,0
1008,1
1009,0
1010,0
1011,1
1012,0
1013,0
1014,0
1015,0
1016,1
1017,0
1018,0
1019,1
1020,1
1021,0
1022,0
1023,1
1024,0
1025,0
1026,0
1027,1
1028,0
1029,0
1030,1
1031,1
1032,1
1033,0
1034,1
1035,0
1036,1
1037,0
1038,0
1039,0
1040,0
1041,1
1042,0
1043,1
1044,0
1045,1
1046,0
1047,1
1048,1
1049,0
1050,0
1051,0
1052,0
1053,1
1054,0
1055,1
1056,0
1057,0
1058,0
1059,1
1060,0
1061,0
1062,0
1063,0
1064,0
1065,0
1066,0
1067,0
1068,1
1069,0
1070,1
1071,0
1072,0
1073,0
1074,0
1075,1
1076,0
1077,1
1078,0
1079,0
1080,1
1081,1
1082,0
1083,0
1084,0
1085,1
1086,0
1087,1
1088,0
1089,0
1090,1
1091,0
1092,1
1093,0
1094,1
1095,0
1096,1
1097,0
1098,0
1099,0
1100,0
1101,0
1102,1
1103,1
1104,0
1105,0
1106,0
1107,0
1108,0
1109,0
1110,0
1111,1
1112,1
1113,0
1114,1
1115,1
1116,0
1117,0
1118,1
1119,0
1120,0
1121,1
1122,1
1123,0
1124,0
1125,1
1126,0
1127,0
1128,0
1129,0
1130,0
1131,1
1132,0
1133,1
1134,0
1135,1
1136,0
1137,0
1138,1
1139,0
1140,0
1141,0
1142,0
1143,1
1144,0
1145,1
1146,0
1147,1
1148,0
1149,0
1150,0
1151,1
1152,0
1153,0
1154,0
1155,0
1156,1
1157,1
1158,0
1159,0
1160,1
1161,1
1162,0
1163,1
1164,0
1165,0
1166,0
1167,1
1168,0
1169,0
1170,0
1171,0
1172,0
1173,1
1174,1
1175,0
1176,1
1177,0
1178,0
1179,0
1180,0
1181,1
1182,1
1183,1
1184,0
1185,0
1186,0
1187,0
1188,1
1189,0
1190,0
1191,0
1192,0
1193,1
1194,1
1195,1
1196,0
1197,0
1198,0
1199,0
1200,0
1201,0
1202,0
1203,0
1204,0
1205,1
1206,0
1207,0
1208,0
1209,1
1210,1
1211,0
1212,0
1213,0
1214,0
1215,0
1216,0
1217,0
1218,1
1219,1
1220,0
1221,0
1222,0
1223,1
1224,0
1225,0
1226,0
1227,0
1228,1
1229,0
1230,0
1231,1
1232,1
1233,1
1234,1
1235,0
1236,0
1237,1
1238,0
1239,0
1240,1
1241,1
1242,0
1243,1
1244,1
1245,0
1246,1
1247,0
1248,0
1249,1
1250,0
1251,0
1252,0
1253,0
1254,1
1255,0
1256,0
1257,1
1258,1
1259,1
1260,1
1261,0
1262,1
1263,0
1264,0
1265,0
1266,1
1267,0
1268,1
1269,0
1270,0
1271,0
1272,0
1273,1
1274,0
1275,0
1276,1
1277,0
1278,0
1279,0
1280,0
1281,0
1282,1
1283,0
1284,1
1285,1
1286,0
1287,1
1288,1
1289,1
1290,0
1291,0
1292,0
1293,1
1294,0
1295,0
1296,0
1297,0
1298,0
1299,1
1300,0
1301,0
1302,0
1303,0
1304,0
1305,0
1306,1
1307,0
1308,1
1309,1
1310,1
1311,0
1312,0
1313,0
1314,0
1315,1
1316,1
1317,0
1318,1
1319,0
1320,1
1321,0
1322,1
1323,0
1324,0
1325,1
1326,0
1327,0
1328,0
1329,0
1330,1
1331,0
1332,0
1333,1
1334,0
1335,0
1336,0
1337,0
1338,0
1339,0
1340,1
1341,0
1342,1
1343,1
1344,0
1345,0
1346,0
1347,0
1348,0
1349,1
1350,0
1351,1
1352,0
1353,0
1354,0
1355,0
1356,1
1357,0
1358,0
1359,0
1360,0
1361,0
1362,1
1363,0
1364,0
1365,0
1366,0
1367,0
1368,1
1369,0
1370,0
1371,1
1372,1
1373,0
1374,1
1375,0
1376,0
1377,0
1378,0
1379,0
1380,0
1381,0
1382,0
1383,1
1384,1
1385,1
1386,0
1387,0
1388,1
1389,0
1390,1
1391,0
1392,1
1393,0
1394,1
1395,1
1396,1
1397,0
1398,1
1399,0
1400,1
1401,0
1402,0
1403,0
1404,1
1405,1
1406,1
1407,1
1408,0
1409,1
1410,0
1411,0
1412,1
1413,0
1414,0
1415,0
1416,1
1417,0
1418,0
1419,1
1420,1
1421,0
1422,0
1423,0
1424,0
1425,0
1426,1
1427,0
1428,0
1429,0
1430,1
1431,1
1432,1
1433,0
1434,0
1435,0
1436,0
1437,0
1438,0
1439,0
1440,0
1441,0
1442,1
1443,0
1444,0
1445,0
1446,0
1447,1
1448,0
1449,0
1450,1
1451,1
1452,0
1453,1
1454,0
1455,0
1456,0
1457,0
1458,1
1459,0
1460,0
1461,1
1462,0
1463,0
1464,1
1465,0
1466,0
1467,0
1468,0
1469,1
1470,0
1471,1
1472,0
1473,0
1474,1
1475,0
1476,0
1477,1
1478,1
1479,1
1480,0
1481,0
1482,1
1483,0
1484,0
1485,0
1486,0
1487,0
1488,0
1489,0
1490,0
1491,0
1492,0
1493,0
1494,0
1495,1
1496,1
1497,1
1498,1
1499,1
1500,0
1501,0
1502,0
1503,0
1504,0
1505,0
1506,0
1507,0
1508,0
1509,1
1510,0
1511,0
1512,0
1513,1
1514,0
1515,0
1516,0
1517,0
1518,0
1519,0
1520,0
1521,1
1522,0
1523,1
1524,0
1525,0
1526,0
1527,0
1528,1
1529,0
1530,0
1531,0
1532,0
1533,0
1534,1
1535,0
1536,0
1537,0
1538,0
1539,0
1540,0
1541,1
1542,0
1543,0
1544,0
1545,0
1546,1
1547,1
1548,1
1549,1
1550,0
1551,1
1552,0
1553,1
1554,0
1555,0
1556,0
1557,0
1558,0
1559,1
1560,1
1561,0
1562,0
1563,0
1564,1
1565,1
1566,1
1567,0
1568,0
1569,0
1570,1
1571,0
1572,0
1573,0
1574,0
1575,0
1576,0
1577,1
1578,0
1579,1
1580,1
1581,1
1582,0
1583,1
1584,0
1585,1
1586,1
1587,0
1588,0
1589,1
1590,0
1591,0
1592,1
1593,0
1594,1
1595,0
1596,0
1597,0
1598,0
1599,1
1600,0
1601,0
1602,0
1603,1
1604,1
1605,0
1606,1
1607,0
1608,0
1609,0
1610,1
1611,0
1612,0
1613,1
1614,0
1615,1
1616,0
1617,1
1618,1
1619,0
1620,0
1621,0
1622,0
1623,1
1624,1
1625,0
1626,0
1627,1
1628,1
1629,1
1630,0
1631,1
1632,0
1633,0
1634,0
1635,1
1636,0
1637,1
1638,0
1639,0
1640,0
1641,1
1642,1
1643,0
1644,1
1645,0
1646,1
1647,1
1648,0
1649,0
1650,0
1651,0
1652,0
1653,0
1654,0
1655,0
1656,0
1657,1
1658,0
1659,1
1660,1
1661,0
1662,0
1663,1
1664,0
1665,1
1666,0
1667,0
1668,0
1669,0
1670,0
1671,0
1672,0
1673,1
1674,0
1675,0
1676,0
1677,0
1678,0
1679,0
1680,1
1681,1
1682,0
1683,1
1684,0
1685,0
1686,1
1687,0
1688,0
1689,0
1690,1
1691,0
1692,0
1693,0
1694,1
1695,0
1696,0
1697,1
1698,0
1699,0
1700,0
1701,1
1702,1
1703,0
1704,0
1705,0
1706,1
1707,0
1708,0
1709,1
1710,0
1711,0
1712,1
1713,0
1714,0
1715,0
1716,1
1717,1
1718,0
1719,0
1720,0
1721,0
1722,1
1723,0
1724,0
1725,0
1726,0
1727,0
1728,0
1729,1
1730,1
1731,0
1732,1
1733,0
1734,0
1735,1
1736,0
1737,1
1738,1
1739,0
1740,0
1741,1
1742,1
1743,1
1744,0
1745,0
1746,0
1747,1
1748,1
1749,0
1750,0
1751,0
1752,0
1753,0
1754,0
1755,1
1756,0
1757,0
1758,1
1759,0
1760,0
1761,1
1762,0
1763,0
1764,1
1765,1
1766,1
1767,0
1768,1
1769,1
1770,0
1771,0
1772,0
1773,0
1774,0
1775,1
1776,0
1777,0
1778,0
1779,0
1780,1
1781,1
1782,1
1783,0
1784,1
1785,1
1786,0
1787,0
1788,1
1789,0
1790,1
1791,1
1792,0
1793,1
1794,0
1795,1
1796,0
1797,0
1798,1
1799,0
1800,1
1801,0
1802,0
1803,0
1804,0
1805,0
1806,0
1807,1
1808,0
1809,0
1810,0
1811,0
1812,0
1813,0
1814,0
1815,0
1816,0
1817,1
1818,0
1819,0
1820,0
1821,1
1822,1
1823,1
1824,1
1825,0
1826,0
1827,0
1828,0
1829,0
1830,1
1831,1
1832,0
1833,1
1834,0
1835,0
1836,0
1837,0
1838,0
1839,1
1840,0
1841,0
1842,1
1843,0
1844,0
1845,0
1846,1
1847,0
1848,1
1849,1
1850,0
1851,0
1852,0
1853,1
1854,0
1855,0
1856,0
1857,0
1858,0
1859,0
1860,1
1861,0
1862,0
1863,0
1864,0
1865,0
1866,1
1867,0
1868,0
1869,0
1870,1
1871,0
1872,0
1873,0
1874,1
1875,0
1876,1
1877,1
1878,0
1879,1
1880,1
1881,1
1882,0
1883,0
1884,0
1885,0
1886,0
1887,0
1888,0
1889,0
1890,1
1891,1
1892,1
1893,1
1894,0
1895,0
1896,1
1897,1
1898,1
1899,0
1900,1
1901,0
1902,0
1903,0
1904,0
1905,1
1906,1
1907,0
1908,0
1909,0
1910,0
1911,0
1912,0
1913,0
1914,0
1915,0
1916,1
1917,0
1918,0
1919,1
1920,1
1921,0
1922,0
1923,0
1924,0
1925,0
1926,0
1927,0
1928,1
1929,0
1930,1
1931,0
1932,0
1933,1
1934,1
1935,0
1936,0
1937,1
1938,1
1939,0
1940,0
1941,1
1942,0
1943,0
1944,0
1945,0
1946,0
1947,0
1948,0
1949,0
1950,0
1951,0
1952,0
1953,0
1954,0
1955,0
1956,0
1957,1
1958,1
1959,0
1960,1
1961,0
1962,0
1963,1
1964,1
1965,0
1966,0
1967,0
1968,0
1969,1
1970,1
1971,0
1972,0
1973,0
1974,1
1975,1
1976,0
1977,0
1978,1
1979,0
1980,0
1981,1
1982,0
1983,1
1984,1
1985,1
1986,0
1987,0
1988,0
1989,0
1990,1
1991,1
1992,0
1993,0
1994,0
1995,0
1996,1
1997,0
1998,0
1999,0
2000,0
2001,1
2002,1
2003,0
2004,0
2005,0
2006,1
2007,1
2008,1
2009,0
2010,0
2011,1
2012,0
2013,0
2014,0
2015,0
2016,0
2017,0
2018,0
2019,1
2020,1
2021,0
2022,1
2023,0
2024,0
2025,0
2026,0
2027,0
2028,0
2029,0
2030,0
2031,0
2032,0
2033,1
2034,0
2035,0
2036,1
2037,0
2038,0
2039,1
2040,1
2041,0
2042,0
2043,0
2044,1
2045,0
2046,0
2047,0
2048,0
2049,0
2050,1
2051,1
2052,0
2053,0
2054,1
2055,0
2056,1
2057,0
2058,0
2059,0
2060,0
2061,0
2062,0
2063,0
2064,0
2065,0
2066,1
2067,1
2068,0
2069,1
2070,0
2071,0
2072,0
2073,1
2074,0
2075,1
2076,0
2077,0
2078,0
2079,0
2080,0
2081,1
2082,0
2083,0
2084,1
2085,0
2086,1
2087,1
2088,0
2089,0
2090,1
2091,0
2092,0
2093,1
2094,0
2095,0
2096,1
2097,0
2098,0
2099,0
2100,0
2101,0
2102,0
2103,1
2104,0
2105,0
2106,0
2107,0
2108,0
2109,1
2110,0
2111,0
2112,0
2113,1
2114,0
2115,1
2116,0
2117,0
2118,1
2119,1
2120,0
2121,1
2122,0
2123,0
2124,0
2125,0
2126,1
2127,0
2128,1
2129,0
2130,0
2131,0
2132,0
2133,1
2134,0
2135,0
2136,0
2137,0
2138,0
2139,0
2140,1
2141,0
2142,0
2143,1
2144,0
2145,0
2146,0
2147,0
2148,1
2149,0
2150,0
2151,0
2152,0
2153,0
2154,0
2155,1
2156,1
2157,1
2158,0
2159,0
2160,0
2161,0
2162,0
2163,0
2164,0
2165,1
2166,0
2167,0
2168,1
2169,1
2170,0
2171,0
2172,1
2173,0
2174,0
2175,0
2176,0
2177,1
2178,1
2179,1
2180,0
2181,1
2182,0
2183,0
2184,1
2185,0
2186,1
2187,1
2188,0
2189,1
2190,1
2191,0
2192,1
2193,0
2194,0
2195,0
2196,0
2197,0
2198,0
2199,0
2200,1
2201,0
2202,1
2203,0
2204,0
2205,1
2206,0
2207,1
2208,0
2209,1
2210,0
2211,1
2212,0
2213,0
2214,1
2215,0
2216,0
2217,1
2218,1
2219,0
2220,0
2221,1
2222,0
2223,0
2224,0
2225,1
2226,1
2227,0
2228,0
2229,0
2230,0
2231,0
2232,0
2233,1
2234,1
2235,0
2236,0
2237,1
2238,0
2239,0
2240,0
2241,0
2242,0
2243,0
2244,0
2245,0
2246,0
2247,0
2248,0
2249,0
2250,0
2251,0
2252,0
2253,1
2254,0
2255,0
2256,1
2257,0
2258,0
2259,0
2260,0
2261,0
2262,0
2263,1
2264,1
2265,1
2266,1
2267,1
2268,0
2269,0
2270,0
2271,1
2272,0
2273,0
2274,0
2275,0
2276,0
2277,1
2278,0
2279,0
2280,0
2281,0
2282,1
2283,1
2284,0
2285,0
2286,1
2287,0
2288,1
2289,0
2290,0
2291,0
2292,0
2293,0
2294,0
2295,0
2296,0
2297,0
2298,0
2299,1
2300,0
2301,0
2302,0
2303,0
2304,0
2305,0
2306,0
2307,0
2308,0
2309,1
2310,0
2311,0
2312,0
2313,1
2314,0
2315,0
2316,1
2317,1
2318,1
2319,0
2320,1
2321,1
2322,0
2323,0
2324,0
2325,1
2326,0
2327,0
2328,0
2329,1
2330,1
2331,0
2332,0
2333,0
2334,1
2335,1
2336,0
2337,1
2338,0
2339,1
2340,0
2341,0
2342,0
2343,0
2344,0
2345,0
2346,0
2347,0
2348,1
2349,0
2350,1
2351,0
2352,0
2353,0
2354,0
2355,0
2356,0
2357,0
2358,0
2359,0
2360,1
2361,1
2362,0
2363,0
2364,0
2365,1
2366,0
2367,0
2368,0
2369,0
2370,1
2371,0
2372,0
2373,1
2374,0
2375,0
2376,1
2377,1
2378,0
2379,1
2380,1
2381,1
2382,1
2383,0
2384,0
2385,0
2386,0
2387,0
2388,1
2389,1
2390,0
2391,1
2392,0
2393,0
2394,0
2395,1
2396,0
2397,0
2398,0
2399,0
2400,0
2401,0
2402,0
2403,0
2404,0
2405,0
2406,0
2407,1
2408,0
2409,0
2410,1
2411,0
2412,0
2413,0
2414,0
2415,0
2416,0
2417,0
2418,0
2419,1
2420,0
2421,0
2422,0
2423,0
2424,0
2425,0
2426,0
2427,0
2428,0
2429,1
2430,0
2431,0
2432,0
2433,0
2434,0
2435,1
2436,1
2437,0
2438,1
2439,0
2440,1
2441,1
2442,0
2443,1
2444,0
2445,0
2446,0
2447,0
2448,0
2449,0
2450,0
2451,0
2452,1
2453,0
2454,1
2455,0
2456,0
2457,0
2458,0
2459,1
2460,0
2461,0
2462,0
2463,0
2464,0
2465,0
2466,0
2467,0
2468,1
2469,1
2470,1
2471,0
2472,1
2473,1
2474,0
2475,0
2476,0
2477,0
2478,0
2479,0
2480,0
2481,0
2482,0
2483,0
2484,1
2485,0
2486,0
2487,1
2488,1
2489,0
2490,0
2491,0
2492,0
2493,1
2494,1
2495,0
2496,0
2497,0
2498,0
2499,0
2500,0
2501,1
2502,1
2503,1
2504,0
2505,0
2506,0
2507,0
2508,0
2509,0
2510,1
2511,0
2512,1
2513,1
2514,0
2515,0
2516,0
2517,1
2518,1
2519,0
2520,0
2521,1
2522,0
2523,1
2524,1
2525,1
2526,0
2527,1
2528,0
2529,0
2530,0
2531,0
2532,1
2533,1
2534,0
2535,0
2536,0
2537,0
2538,0
2539,1
2540,0
2541,0
2542,0
2543,0
2544,0
2545,0
2546,0
2547,1
2548,0
2549,0
2550,1
2551,1
2552,0
2553,1
2554,1
2555,0
2556,1
2557,0
2558,1
2559,0
2560,0
2561,0
2562,0
2563,0
2564,1
2565,0
2566,0
2567,1
2568,0
2569,0
2570,1
2571,0
2572,0
2573,1
2574,0
2575,1
2576,0
2577,0
2578,0
2579,0
2580,0
2581,0
2582,0
2583,1
2584,1
2585,0
2586,0
2587,0
2588,0
2589,1
2590,1
2591,0
2592,1
2593,0
2594,1
2595,0
2596,1
2597,1
2598,1
2599,0
2600,0
2601,0
2602,0
2603,0
2604,0
2605,0
2606,0
2607,1
2608,0
2609,0
2610,1
2611,0
2612,1
2613,1
2614,1
2615,1
2616,1
2617,0
2618,0
2619,0
2620,0
2621,0
2622,1
2623,1
2624,0
2625,0
2626,1
2627,0
2628,0
2629,0
2630,1
2631,0
2632,0
2633,1
2634,0
2635,0
2636,0
2637,0
2638,1
2639,1
2640,0
2641,0
2642,0
2643,1
2644,0
2645,1
2646,1
2647,1
2648,0
2649,0
2650,0
2651,1
2652,1
2653,0
2654,1
2655,1
2656,0
2657,0
2658,0
2659,0
2660,1
2661,1
2662,0
2663,0
2664,1
2665,0
2666,0
2667,1
2668,0
2669,0
2670,1
2671,1
2672,1
2673,1
2674,1
2675,0
2676,0
2677,0
2678,0
2679,0
2680,1
2681,1
2682,0
2683,1
2684,0
2685,0
2686,1
2687,1
2688,0
2689,0
2690,0
2691,0
2692,0
2693,0
2694,0
2695,0
2696,0
2697,1
2698,0
2699,0
2700,1
2701,1
2702,1
2703,0
2704,0
2705,0
2706,0
2707,0
2708,1
2709,0
2710,0
2711,0
2712,0
2713,0
2714,1
2715,0
2716,1
2717,0
2718,0
2719,0
2720,0
2721,1
2722,0
2723,1
2724,0
2725,0
2726,0
2727,0
2728,0
2729,1
2730,0
2731,0
2732,0
2733,1
2734,0
2735,1
2736,1
2737,0
2738,1
2739,0
2740,0
2741,0
2742,1
2743,0
2744,0
2745,0
2746,0
2747,0
2748,0
2749,0
2750,0
2751,0
2752,0
2753,0
2754,1
2755,1
2756,0
2757,0
2758,0
2759,1
2760,0
2761,0
2762,1
2763,1
2764,0
2765,0
2766,0
2767,1
2768,0
2769,0
2770,0
2771,0
2772,1
2773,1
2774,0
2775,0
2776,0
2777,0
2778,1
2779,1
2780,0
2781,1
2782,0
2783,0
2784,1
2785,0
2786,0
2787,1
2788,0
2789,0
2790,0
2791,0
2792,1
2793,0
2794,1
2795,0
2796,0
2797,0
2798,0
2799,1
2800,0
2801,0
2802,0
2803,1
2804,0
2805,1
2806,0
2807,0
2808,1
2809,0
2810,0
2811,0
2812,1
2813,0
2814,1
2815,0
2816,1
2817,0
2818,0
2819,0
2820,0
2821,1
2822,0
2823,0
2824,0
2825,1
2826,1
2827,0
2828,0
2829,0
2830,0
2831,1
2832,0
2833,0
2834,0
2835,0
2836,0
2837,0
2838,0
2839,1
2840,0
2841,0
2842,0
2843,0
2844,1
2845,0
2846,1
2847,0
2848,0
2849,1
2850,0
2851,0
2852,1
2853,0
2854,0
2855,0
2856,1
2857,0
2858,0
2859,0
2860,1
2861,0
2862,1
2863,0
2864,0
2865,1
2866,1
2867,0
2868,1
2869,0
2870,0
2871,0
2872,0
2873,1
2874,0
2875,0
2876,1
2877,0
2878,0
2879,0
2880,0
2881,0
2882,0
2883,0
2884,0
2885,0
2886,0
2887,1
2888,1
2889,0
2890,0
2891,1
2892,0
2893,1
2894,0
2895,0
2896,1
2897,1
2898,0
2899,1
2900,1
2901,0
2902,0
2903,0
2904,1
2905,0
2906,0
2907,0
2908,0
2909,0
2910,0
2911,0
2912,1
2913,0
2914,0
2915,1
2916,0
2917,0
2918,0
2919,0
2920,0
2921,0
2922,0
2923,0
2924,0
2925,1
2926,0
2927,0
2928,1
2929,0
2930,0
2931,0
2932,0
2933,1
2934,1
2935,0
2936,0
2937,0
2938,0
2939,0
2940,0
2941,1
2942,0
2943,1
2944,1
2945,0
2946,0
2947,0
2948,1
2949,0
2950,0
2951,0
2952,1
2953,0
2954,1
2955,1
2956,0
2957,0
2958,0
2959,0
2960,0
2961,0
2962,1
2963,1
2964,0
2965,0
2966,0
2967,0
2968,1
2969,0
2970,0
2971,0
2972,0
2973,0
2974,0
2975,1
2976,1
2977,1
2978,0
2979,0
2980,0
2981,0
2982,0
2983,1
2984,0
2985,0
2986,1
2987,0
2988,0
2989,0
2990,0
2991,0
2992,0
2993,0
2994,0
2995,1
2996,0
2997,0
2998,0
2999,1
3000,1
3001,0
3002,1
3003,0
3004,0
3005,0
3006,0
3007,0
3008,1
3009,1
3010,0
3011,0
3012,0
3013,0
3014,0
3015,0
3016,0
3017,0
3018,1
3019,0
3020,0
3021,0
3022,0
3023,1
3024,1
3025,0
3026,1
3027,0
3028,0
3029,0
3030,0
3031,1
3032,1
3033,1
3034,1
3035,0
3036,0
3037,0
3038,0
3039,0
3040,0
3041,0
3042,0
3043,0
3044,0
3045,0
3046,0
3047,0
3048,0
3049,0
3050,0
3051,1
3052,0
3053,1
3054,0
3055,0
3056,0
3057,1
3058,1
3059,0
3060,0
3061,0
3062,0
3063,0
3064,0
3065,1
3066,1
3067,1
3068,0
3069,0
3070,0
3071,1
3072,0
3073,0
3074,0
3075,0
3076,1
3077,0
3078,0
3079,0
3080,0
3081,0
3082,0
3083,0
3084,1
3085,1
3086,1
3087,1
3088,0
3089,1
3090,0
3091,0
3092,0
3093,1
3094,0
3095,0
3096,0
3097,0
3098,1
3099,1
3100,0
3101,0
3102,1
3103,1
3104,1
3105,0
3106,1
3107,0
3108,0
3109,1
3110,0
3111,0
3112,0
3113,0
3114,1
3115,1
3116,0
3117,0
3118,1
3119,1
3120,1
3121,1
3122,0
3123,0
3124,0
3125,0
3126,0
3127,0
3128,0
3129,1
3130,0
3131,1
3132,0
3133,1
3134,0
3135,0
3136,0
3137,1
3138,0
3139,1
3140,1
3141,1
3142,0
3143,0
3144,0
3145,0
3146,0
3147,0
3148,0
3149,1
3150,1
3151,0
3152,0
3153,0
3154,1
3155,1
3156,0
3157,1
3158,0
3159,1
3160,0
3161,0
3162,0
3163,0
3164,0
3165,1
3166,0
3167,0
3168,0
3169,0
3170,0
3171,1
3172,0
3173,0
3174,0
3175,1
3176,1
3177,0
3178,0
3179,0
3180,1
3181,0
3182,0
3183,0
3184,0
3185,1
3186,1
3187,0
3188,1
3189,0
3190,1
3191,0
3192,0
3193,0
3194,0
3195,0
3196,1
3197,0
3198,1
3199,0
3200,0
3201,0
3202,1
3203,0
3204,0
3205,0
3206,0
3207,0
3208,0
3209,0
3210,0
3211,0
3212,0
3213,1
3214,0
3215,0
3216,0
3217,1
3218,0
3219,0
3220,0
3221,0
3222,0
3223,1
3224,1
3225,0
3226,0
3227,0
3228,0
3229,0
3230,1
3231,1
3232,1
3233,1
3234,0
3235,0
3236,0
3237,0
3238,0
3239,0
3240,0
3241,0
3242,0
3243,0
3244,0
3245,1
3246,1
3247,1
3248,0
3249,0
3250,1
3251,1
3252,0
3253,0
3254,0
3255,1
3256,0
3257,0
3258,0
3259,1
3260,1
3261,0
3262,0
3263,0
3264,0
3265,0
3266,1
3267,0
3268,0
3269,0
3270,0
3271,0
3272,0
3273,0
3274,0
3275,0
3276,1
3277,1
3278,0
3279,0
3280,1
3281,1
3282,1
3283,1
3284,1
3285,1
3286,1
3287,1
3288,0
3289,0
3290,1
3291,1
3292,0
3293,1
3294,0
3295,0
3296,0
3297,0
3298,0
3299,1
3300,1
3301,0
3302,0
3303,0
3304,0
3305,1
3306,1
3307,0
3308,0
3309,0
3310,0
3311,1
3312,0
3313,1
3314,0
3315,0
3316,1
3317,0
3318,0
3319,0
3320,0
3321,0
3322,0
3323,0
3324,1
3325,1
3326,0
3327,0
3328,0
3329,1
3330,0
3331,0
3332,1
3333,1
3334,0
3335,1
3336,0
3337,1
3338,1
3339,0
3340,1
3341,1
3342,0
3343,1
3344,0
3345,1
3346,0
3347,0
3348,0
3349,0
3350,0
3351,1
3352,1
3353,0
3354,0
3355,0
3356,0
3357,0
3358,0
3359,0
3360,0
3361,1
3362,0
3363,0
3364,1
3365,0
3366,0
3367,0
3368,0
3369,0
3370,1
3371,0
3372,0
3373,0
3374,1
3375,0
3376,0
3377,0
3378,0
3379,0
3380,0
3381,0
3382,0
3383,0
3384,1
3385,0
3386,0
3387,0
3388,0
3389,0
3390,0
3391,0
3392,1
3393,0
3394,1
3395,0
3396,0
3397,0
3398,0
3399,0
3400,1
3401,1
3402,0
3403,0
3404,0
3405,0
3406,0
3407,0
3408,1
3409,1
3410,0
3411,0
3412,0
3413,0
3414,0
3415,0
3416,0
3417,1
3418,0
3419,0
3420,0
3421,0
3422,1
3423,0
3424,0
3425,0
3426,1
3427,0
3428,0
3429,0
3430,1
3431,0
3432,0
3433,0
3434,0
3435,0
3436,0
3437,0
3438,0
3439,0
3440,1
3441,0
3442,0
3443,0
3444,0
3445,0
3446,0
3447,0
3448,0
3449,0
3450,0
3451,0
3452,0
3453,0
3454,0
3455,0
3456,0
3457,1
3458,1
3459,0
3460,1
3461,0
3462,1
3463,1
3464,0
3465,0
3466,0
3467,0
3468,0
3469,0
3470,1
3471,1
3472,1
3473,0
3474,0
3475,1
3476,0
3477,0
3478,0
3479,0
3480,0
3481,1
3482,0
3483,0
3484,1
3485,0
3486,1
3487,1
3488,0
3489,0
3490,0
3491,0
3492,0
3493,0
3494,0
3495,1
3496,0
3497,1
3498,0
3499,0
3500,0
3501,0
3502,1
3503,0
3504,0
3505,0
3506,0
3507,0
3508,0
3509,1
3510,0
3511,1
3512,1
3513,1
3514,0
3515,0
3516,0
3517,1
3518,1
3519,0
3520,0
3521,0
3522,0
3523,0
3524,0
3525,0
3526,0
3527,0
3528,0
3529,0
3530,0
3531,0
3532,1
3533,1
3534,0
3535,1
3536,0
3537,0
3538,0
3539,0
3540,0
3541,1
3542,0
3543,0
3544,0
3545,0
3546,0
3547,0
3548,0
3549,0
3550,1
3551,0
3552,1
3553,0
3554,0
3555,0
3556,0
3557,1
3558,1
3559,0
3560,0
3561,1
3562,0
3563,0
3564,0
3565,0
3566,0
3567,1
3568,0
3569,0
3570,0
3571,1
3572,1
3573,1
3574,0
3575,0
3576,1
3577,0
3578,0
3579,1
3580,0
3581,0
3582,0
3583,0
3584,0
3585,1
3586,0
3587,0
3588,0
3589,1
3590,0
3591,0
3592,0
3593,0
3594,0
3595,0
3596,1
3597,0
3598,0
3599,0
3600,1
3601,1
3602,0
3603,1
3604,1
3605,0
3606,0
3607,0
3608,1
3609,0
3610,1
3611,0
3612,0
3613,0
3614,1
3615,1
3616,0
3617,0
3618,0
3619,1
3620,0
3621,0
3622,1
3623,0
3624,0
3625,1
3626,0
3627,0
3628,0
3629,0
3630,0
3631,0
3632,1
3633,0
3634,0
3635,0
3636,1
3637,0
3638,0
3639,0
3640,0
3641,1
3642,0
3643,0
3644,0
3645,0
3646,0
3647,0
3648,0
3649,1
3650,1
3651,0
3652,0
3653,0
3654,0
3655,0
3656,0
3657,0
3658,0
3659,1
3660,1
3661,0
3662,1
3663,0
3664,1
3665,0
3666,0
3667,0
3668,0
3669,0
3670,0
3671,0
3672,0
3673,0
3674,1
3675,1
3676,0
3677,0
3678,1
3679,0
3680,0
3681,0
3682,0
3683,0
3684,0
3685,0
3686,0
3687,0
3688,1
3689,1
3690,0
3691,1
3692,1
3693,0
3694,0
3695,1
3696,1
3697,1
3698,0
3699,1
3700,1
3701,0
3702,1
3703,0
3704,0
3705,1
3706,0
3707,0
3708,1
3709,0
3710,1
3711,1
3712,1
3713,0
3714,0
3715,0
3716,0
3717,0
3718,0
3719,0
3720,0
3721,0
3722,0
3723,0
3724,1
3725,0
3726,0
3727,0
3728,1
3729,0
3730,0
3731,0
3732,1
3733,0
3734,1
3735,0
3736,0
3737,0
3738,0
3739,0
3740,1
3741,0
3742,1
3743,0
3744,1
3745,0
3746,1
3747,0
3748,1
3749,0
3750,0
3751,1
3752,0
3753,0
3754,1
3755,0
3756,1
3757,0
3758,1
3759,0
3760,0
3761,0
3762,1
3763,1
3764,0
3765,0
3766,1
3767,0
3768,0
3769,0
3770,0
3771,0
3772,0
3773,0
3774,0
3775,0
3776,0
3777,1
3778,0
3779,1
3780,0
3781,0
3782,0
3783,1
3784,1
3785,0
3786,0
3787,0
3788,0
3789,0
3790,0
3791,0
3792,0
3793,1
3794,1
3795,0
3796,0
3797,0
3798,1
3799,1
3800,1
3801,0
3802,0
3803,1
3804,0
3805,0
3806,0
3807,0
3808,0
3809,1
3810,0
3811,0
3812,0
3813,0
3814,0
3815,0
3816,0
3817,0
3818,1
3819,1
3820,0
3821,0
3822,1
3823,0
3824,1
3825,0
3826,0
3827,0
3828,0
3829,1
3830,0
3831,0
3832,1
3833,1
3834,0
3835,1
3836,1
3837,0
3838,0
3839,0
3840,0
3841,0
3842,0
3843,1
3844,1
3845,0
3846,0
3847,0
3848,0
3849,1
3850,1
3851,0
3852,0
3853,0
3854,0
3855,0
3856,0
3857,0
3858,0
3859,0
3860,1
3861,0
3862,0
3863,1
3864,0
3865,0
3866,0
3867,1
3868,0
3869,0
3870,0
3871,0
3872,1
3873,0
3874,0
3875,0
3876,1
3877,1
3878,0
3879,1
3880,0
3881,0
3882,0
3883,0
3884,1
3885,1
3886,0
3887,1
3888,1
3889,0
3890,0
3891,0
3892,1
3893,0
3894,0
3895,0
3896,0
3897,0
3898,0
3899,0
3900,1
3901,0
3902,0
3903,1
3904,1
3905,0
3906,0
3907,0
3908,0
3909,0
3910,0
3911,1
3912,1
3913,0
3914,0
3915,0
3916,0
3917,0
3918,0
3919,1
3920,1
3921,0
3922,1
3923,0
3924,0
3925,0
3926,0
3927,0
3928,0
3929,0
3930,0
3931,1
3932,0
3933,0
3934,1
3935,0
3936,0
3937,0
3938,0
3939,0
3940,0
3941,1
3942,1
3943,0
3944,0
3945,0
3946,0
3947,1
3948,0
3949,1
3950,0
3951,1
3952,0
3953,0
3954,0
3955,1
3956,0
3957,1
3958,1
3959,0
3960,1
3961,0
3962,1
3963,0
3964,1
3965,0
3966,1
3967,0
3968,0
3969,0
3970,0
3971,0
3972,0
3973,1
3974,1
3975,1
3976,0
3977,1
3978,0
3979,0
3980,1
3981,1
3982,0
3983,0
3984,0
3985,0
3986,0
3987,0
3988,0
3989,1
3990,0
3991,0
3992,1
3993,1
3994,1
3995,0
3996,0
3997,0
3998,0
3999,0
4000,0
4001,0
4002,0
4003,1
4004,0
4005,0
4006,1
4007,0
4008,0
4009,1
4010,0
4011,0
4012,1
4013,0
4014,0
4015,1
4016,0
4017,0
4018,0
4019,0
4020,0
4021,0
4022,0
4023,1
4024,1
4025,0
4026,0
4027,1
4028,0
4029,0
4030,0
4031,0
4032,0
4033,0
4034,0
4035,0
4036,0
4037,1
4038,0
4039,0
4040,1
4041,1
4042,0
4043,0
4044,0
4045,1
4046,1
4047,1
4048,0
4049,1
4050,0
4051,0
4052,0
4053,0
4054,0
4055,0
4056,0
4057,0
4058,1
4059,0
4060,1
4061,0
4062,0
4063,0
4064,0
4065,0
4066,0
4067,0
4068,0
4069,1
4070,0
4071,1
4072,0
4073,0
4074,1
4075,0
4076,1
4077,0
4078,1
4079,0
4080,0
4081,0
4082,0
4083,0
4084,0
4085,0
4086,0
4087,0
4088,0
4089,0
4090,0
4091,0
4092,1
4093,0
4094,0
4095,1
4096,1
4097,1
4098,1
4099,0
4100,0
4101,0
4102,1
4103,0
4104,0
4105,0
4106,1
4107,0
4108,0
4109,1
4110,0
4111,1
4112,0
4113,1
4114,1
4115,1
4116,0
4117,0
4118,0
4119,0
4120,1
4121,0
4122,0
4123,0
4124,0
4125,1
4126,0
4127,0
4128,1
4129,0
4130,0
4131,1
4132,1
4133,0
4134,1
4135,1
4136,1
4137,0
4138,0
4139,1
4140,1
4141,1
4142,0
4143,1
4144,1
4145,0
4146,0
4147,0
4148,0
4149,0
4150,0
4151,0
4152,0
4153,0
4154,0
4155,0
4156,1
4157,0
4158,0
4159,1
4160,0
4161,0
4162,1
4163,1
4164,0
4165,0
4166,0
4167,1
4168,1
4169,1
4170,1
4171,0
4172,0
4173,0
4174,0
4175,0
4176,1
4177,0
4178,1
4179,1
4180,0
4181,1
4182,0
4183,0
4184,0
4185,0
4186,1
4187,0
4188,0
4189,0
4190,0
4191,0
4192,0
4193,1
4194,0
4195,0
4196,0
4197,0
4198,1
4199,0
4200,0
4201,0
4202,0
4203,0
4204,0
4205,1
4206,1
4207,0
4208,0
4209,0
4210,1
4211,1
4212,0
4213,1
4214,0
4215,0
4216,1
4217,0
4218,0
4219,0
4220,0
4221,1
4222,0
4223,1
4224,0
4225,0
4226,0
4227,0
4228,0
4229,0
4230,0
4231,1
4232,0
4233,0
4234,1
4235,1
4236,1
4237,1
4238,1
4239,1
4240,1
4241,0
4242,1
4243,1
4244,0
4245,0
4246,1
4247,0
4248,0
4249,0
4250,0
4251,0
4252,1
4253,0
4254,0
4255,0
4256,0
4257,0
4258,1
4259,0
4260,0
4261,1
4262,0
4263,0
4264,0
4265,0
4266,0
4267,1
4268,0
4269,1
4270,0
4271,0
4272,0
4273,0
4274,0
4275,1
4276,0
4277,0
4278,0
4279,0
4280,0
4281,0
4282,1
4283,1
4284,0
4285,0
4286,0
4287,1
4288,1
4289,1
4290,1
4291,0
4292,0
4293,0
4294,1
4295,0
4296,0
4297,1
4298,0
4299,0
4300,0
4301,0
4302,1
4303,0
4304,0
4305,0
4306,0
4307,0
4308,0
4309,0
4310,0
4311,0
4312,0
4313,0
4314,0
4315,0
4316,1
4317,1
4318,0
4319,0
4320,0
4321,1
4322,0
4323,0
4324,1
4325,0
4326,0
4327,0
4328,0
4329,0
4330,1
4331,0
4332,0
4333,0
4334,0
4335,1
4336,0
4337,0
4338,0
4339,0
4340,0
4341,0
4342,0
4343,1
4344,0
4345,1
4346,1
4347,0
4348,0
4349,0
4350,0
4351,1
4352,0
4353,1
4354,0
4355,1
4356,0
4357,1
4358,0
4359,1
4360,1
4361,0
4362,0
4363,1
4364,0
4365,0
4366,1
4367,0
4368,0
4369,1
4370,0
4371,0
4372,0
4373,1
4374,1
4375,1
4376,0
4377,1
4378,0
4379,0
4380,0
4381,0
4382,0
4383,0
4384,0
4385,0
4386,0
4387,0
4388,1
4389,1
4390,1
4391,0
4392,0
4393,0
4394,0
4395,1
4396,1
4397,0
4398,1
4399,0
4400,0
4401,0
4402,0
4403,0
4404,0
4405,0
4406,0
4407,1
4408,0
4409,0
4410,0
4411,1
4412,0
4413,0
4414,1
4415,1
4416,0
4417,0
4418,1
4419,0
4420,1
4421,0
4422,1
4423,0
4424,0
4425,0
4426,0
4427,0
4428,0
4429,0
4430,0
4431,0
4432,0
4433,0
4434,1
4435,0
4436,0
4437,0
4438,0
4439,1
4440,1
4441,1
4442,0
4443,1
4444,1
4445,1
4446,1
4447,0
4448,1
4449,0
4450,0
4451,1
4452,0
4453,0
4454,1
4455,0
4456,0
4457,0
4458,0
4459,0
4460,0
4461,1
4462,1
4463,0
4464,0
4465,0
4466,1
4467,1
4468,0
4469,1
4470,1
4471,1
4472,0
4473,0
4474,1
4475,1
4476,1
4477,0
4478,0
4479,1
4480,1
4481,1
4482,0
4483,0
4484,0
4485,1
4486,1
4487,0
4488,0
4489,0
4490,1
4491,1
4492,0
4493,1
4494,0
4495,0
4496,0
4497,0
4498,1
4499,0
4500,0
4501,0
4502,0
4503,0
4504,0
4505,0
4506,0
4507,1
4508,0
4509,1
4510,1
4511,0
4512,0
4513,1
4514,0
4515,0
4516,1
4517,0
4518,0
4519,1
4520,0
4521,0
4522,1
4523,0
4524,1
4525,1
4526,0
4527,1
4528,1
4529,0
4530,0
4531,0
4532,0
4533,0
4534,0
4535,0
4536,0
4537,1
4538,0
4539,1
4540,0
4541,1
4542,0
4543,0
4544,0
4545,1
4546,0
4547,0
4548,1
4549,0
4550,0
4551,1
4552,0
4553,0
4554,0
4555,0
4556,0
4557,0
4558,1
4559,0
4560,1
4561,1
4562,0
4563,0
4564,0
4565,0
4566,1
4567,0
4568,1
4569,0
4570,1
4571,1
4572,0
4573,0
4574,0
4575,0
4576,0
4577,0
4578,0
4579,1
4580,0
4581,0
4582,1
4583,0
4584,0
4585,0
4586,0
4587,0
4588,0
4589,0
4590,0
4591,1
4592,0
4593,0
4594,1
4595,0
4596,0
4597,1
4598,1
4599,0
4600,0
4601,0
4602,0
4603,0
4604,0
4605,1
4606,0
4607,0
4608,0
4609,0
4610,1
4611,0
4612,0
4613,1
4614,0
4615,0
4616,0
4617,0
4618,0
4619,0
4620,0
4621,0
4622,0
4623,0
4624,1
4625,1
4626,0
4627,1
4628,0
4629,0
4630,0
4631,1
4632,0
4633,0
4634,0
4635,1
4636,0
4637,0
4638,0
4639,1
4640,0
4641,0
4642,1
4643,0
4644,1
4645,0
4646,0
4647,0
4648,1
4649,1
4650,0
4651,0
4652,0
4653,1
4654,0
4655,0
4656,1
4657,0
4658,1
4659,0
4660,1
4661,1
4662,0
4663,1
4664,0
4665,1
4666,0
4667,0
4668,1
4669,0
4670,0
4671,0
4672,0
4673,0
4674,0
4675,1
4676,1
4677,0
4678,0
4679,1
4680,0
4681,1
4682,1
4683,0
4684,1
4685,0
4686,0
4687,1
4688,0
4689,1
4690,0
4691,1
4692,0
4693,1
4694,1
4695,0
4696,0
4697,1
4698,0
4699,0
4700,0
4701,1
4702,1
4703,0
4704,1
4705,0
4706,0
4707,0
4708,1
4709,0
4710,0
4711,0
4712,1
4713,1
4714,1
4715,0
4716,0
4717,1
4718,1
4719,0
4720,0
4721,0
4722,1
4723,0
4724,0
4725,0
4726,1
4727,0
4728,1
4729,1
4730,0
4731,0
4732,1
4733,0
4734,0
4735,0
4736,0
4737,0
4738,0
4739,0
4740,0
4741,0
4742,0
4743,1
4744,0
4745,0
4746,0
4747,0
4748,1
4749,0
4750,0
4751,0
4752,0
4753,1
4754,1
4755,0
4756,0
4757,0
4758,0
4759,0
4760,0
4761,0
4762,0
4763,0
4764,0
4765,0
4766,0
4767,1
4768,1
4769,0
4770,1
4771,1
4772,1
4773,0
4774,0
4775,0
4776,0
4777,0
4778,0
4779,1
4780,0
4781,1
4782,0
4783,0
4784,0
4785,0
4786,0
4787,0
4788,1
4789,0
4790,0
4791,1
4792,0
4793,0
4794,1
4795,1
4796,0
4797,0
4798,0
4799,0
4800,0
4801,0
4802,0
4803,1
4804,0
4805,1
4806,0
4807,0
4808,0
4809,0
4810,0
4811,0
4812,0
4813,0
4814,0
4815,1
4816,0
4817,1
4818,0
4819,0
4820,0
4821,0
4822,0
4823,1
4824,0
4825,0
4826,1
4827,1
4828,1
4829,1
4830,0
4831,0
4832,0
4833,0
4834,1
4835,1
4836,0
4837,0
4838,1
4839,0
4840,0
4841,1
4842,0
4843,1
4844,1
4845,0
4846,0
4847,0
4848,0
4849,0
4850,1
4851,1
4852,1
4853,0
4854,0
4855,1
4856,1
4857,1
4858,0
4859,0
4860,1
4861,0
4862,1
4863,1
4864,1
4865,1
4866,1
4867,0
4868,0
4869,1
4870,0
4871,0
4872,0
4873,0
4874,0
4875,1
4876,0
4877,1
4878,0
4879,0
4880,0
4881,0
4882,1
4883,1
4884,0
4885,0
4886,0
4887,0
4888,0
4889,0
4890,1
4891,0
4892,1
4893,0
4894,1
4895,0
4896,1
4897,0
4898,0
4899,0
4900,0
4901,0
4902,1
4903,1
4904,0
4905,0
4906,0
4907,1
4908,0
4909,0
4910,1
4911,1
4912,1
4913,1
4914,1
4915,1
4916,0
4917,0
4918,1
4919,1
4920,0
4921,0
4922,1
4923,1
4924,1
4925,1
4926,1
4927,0
4928,0
4929,0
4930,0
4931,1
4932,0
4933,1
4934,1
4935,0
4936,0
4937,1
4938,0
4939,1
4940,1
4941,0
4942,0
4943,0
4944,0
4945,0
4946,0
4947,0
4948,0
4949,1
4950,1
4951,0
4952,1
4953,0
4954,0
4955,0
4956,0
4957,0
4958,0
4959,1
4960,1
4961,0
4962,0
4963,0
4964,0
4965,0
4966,0
4967,1
4968,0
4969,0
4970,0
4971,0
4972,0
4973,1
4974,0
4975,0
4976,0
4977,0
4978,1
4979,0
4980,0
4981,1
4982,1
4983,1
4984,0
4985,0
4986,1
4987,0
4988,0
4989,0
4990,0
4991,0
4992,0
4993,1
4994,0
4995,0
4996,0
4997,1
4998,0
4999,0
5000,0
5001,1
5002,0
5003,0
5004,1
5005,0
5006,1
5007,0
5008,0
5009,1
5010,1
5011,0
5012,0
5013,0
5014,0
5015,0
5016,0
5017,0
5018,0
5019,0
5020,0
5021,0
5022,1
5023,0
5024,0
5025,0
5026,1
5027,0
5028,1
5029,0
5030,0
5031,1
5032,0
5033,0
5034,0
5035,0
5036,0
5037,0
5038,0
5039,1
5040,0
5041,0
5042,1
5043,1
5044,1
5045,0
5046,0
5047,0
5048,0
5049,1
5050,1
5051,0
5052,0
5053,1
5054,0
5055,1
5056,1
5057,0
5058,1
5059,1
5060,1
5061,0
5062,1
5063,0
5064,1
5065,0
5066,1
5067,0
5068,0
5069,1
5070,0
5071,0
5072,0
5073,0
5074,0
5075,0
5076,0
5077,0
5078,0
5079,0
5080,1
5081,0
5082,0
5083,0
5084,1
5085,1
5086,0
5087,0
5088,0
5089,0
5090,0
5091,0
5092,1
5093,0
5094,1
5095,1
5096,0
5097,1
5098,1
5099,1
5100,1
5101,0
5102,0
5103,0
5104,0
5105,1
5106,1
5107,1
5108,0
5109,0
5110,1
5111,0
5112,0
5113,1
5114,0
5115,0
5116,0
5117,0
5118,0
5119,0
5120,0
5121,0
5122,0
5123,0
5124,0
5125,0
5126,1
5127,0
5128,0
5129,0
5130,1
5131,0
5132,0
5133,0
5134,0
5135,1
5136,0
5137,1
5138,0
5139,0
5140,1
5141,0
5142,1
5143,0
5144,1
5145,0
5146,1
5147,0
5148,0
5149,1
5150,1
5151,1
5152,1
5153,1
5154,0
5155,0
5156,1
5157,1
5158,1
5159,0
5160,0
5161,0
5162,0
5163,0
5164,1
5165,0
5166,0
5167,1
5168,0
5169,0
5170,1
5171,0
5172,0
5173,0
5174,0
5175,0
5176,1
5177,1
5178,0
5179,1
5180,0
5181,1
5182,0
5183,0
5184,0
5185,0
5186,0
5187,0
5188,0
5189,0
5190,0
5191,0
5192,0
5193,1
5194,0
5195,0
5196,1
5197,1
5198,0
5199,0
5200,0
5201,0
5202,0
5203,0
5204,1
5205,1
5206,0
5207,0
5208,0
5209,0
5210,0
5211,1
5212,0
5213,1
5214,0
5215,0
5216,0
5217,0
5218,0
5219,1
5220,0
5221,0
5222,1
5223,1
5224,0
5225,0
5226,1
5227,0
5228,0
5229,0
5230,1
5231,0
5232,1
5233,0
5234,1
5235,0
5236,1
5237,0
5238,0
5239,0
5240,0
5241,1
5242,0
5243,0
5244,1
5245,0
5246,0
5247,1
5248,1
5249,1
5250,0
5251,1
5252,1
5253,0
5254,1
5255,0
5256,0
5257,0
5258,0
5259,1
5260,1
5261,1
5262,0
5263,0
5264,0
5265,0
5266,0
5267,0
5268,1
5269,0
5270,1
5271,0
5272,1
5273,0
5274,0
5275,0
5276,1
5277,0
5278,1
5279,0
5280,0
5281,1
5282,0
5283,0
5284,1
5285,0
5286,0
5287,0
5288,1
5289,1
5290,0
5291,0
5292,0
5293,0
5294,0
5295,1
5296,1
5297,0
5298,0
5299,1
5300,0
5301,0
5302,0
5303,0
5304,1
5305,1
5306,1
5307,0
5308,0
5309,1
5310,0
5311,0
5312,0
5313,0
5314,1
5315,0
5316,0
5317,0
5318,0
5319,0
5320,0
5321,1
5322,0
5323,0
5324,0
5325,1
5326,1
5327,1
5328,1
5329,0
5330,1
5331,1
5332,1
5333,0
5334,0
5335,0
5336,0
5337,0
5338,0
5339,0
5340,0
5341,1
5342,0
5343,0
5344,1
5345,0
5346,0
5347,0
5348,1
5349,0
5350,1
5351,0
5352,0
5353,1
5354,1
5355,0
5356,0
5357,0
5358,0
5359,0
5360,0
5361,1
5362,0
5363,0
5364,0
5365,1
5366,0
5367,1
5368,0
5369,0
5370,0
5371,1
5372,0
5373,0
5374,0
5375,1
5376,0
5377,0
5378,0
5379,1
5380,0
5381,0
5382,0
5383,0
5384,0
5385,0
5386,0
5387,0
5388,0
5389,0
5390,1
5391,1
5392,1
5393,0
5394,0
5395,0
5396,0
5397,1
5398,1
5399,0
5400,0
5401,0
5402,0
5403,0
5404,1
5405,0
5406,0
5407,0
5408,1
5409,1
5410,0
5411,0
5412,1
5413,1
5414,0
5415,0
5416,0
5417,1
5418,1
5419,0
5420,0
5421,0
5422,0
5423,0
5424,0
5425,0
5426,1
5427,1
5428,0
5429,1
5430,0
5431,1
5432,0
5433,0
5434,0
5435,0
5436,0
5437,0
5438,0
5439,0
5440,1
5441,0
5442,0
5443,0
5444,0
5445,0
5446,0
5447,1
5448,0
5449,0
5450,1
5451,0
5452,1
5453,0
5454,0
5455,1
5456,0
5457,0
5458,0
5459,1
5460,0
5461,1
5462,0
5463,0
5464,0
5465,0
5466,0
5467,0
5468,0
5469,1
5470,0
5471,0
5472,1
5473,0
5474,1
5475,0
5476,0
5477,0
5478,0
5479,1
5480,0
5481,0
5482,0
5483,0
5484,0
5485,1
5486,0
5487,0
5488,0
5489,0
5490,0
5491,0
5492,1
5493,0
5494,0
5495,0
5496,1
5497,0
5498,0
5499,0
5500,0
5501,0
5502,0
5503,0
5504,0
5505,1
5506,0
5507,0
5508,1
5509,0
5510,1
5511,0
5512,1
5513,0
5514,1
5515,0
5516,0
5517,1
5518,1
5519,0
5520,1
5521,1
5522,1
5523,1
5524,0
5525,0
5526,0
5527,0
5528,0
5529,1
5530,0
5531,0
5532,0
5533,0
5534,0
5535,1
5536,0
5537,0
5538,0
5539,0
5540,0
5541,0
5542,0
5543,1
5544,0
5545,0
5546,1
5547,0
5548,1
5549,1
5550,0
5551,0
5552,1
5553,0
5554,0
5555,0
5556,0
5557,0
5558,0
5559,0
5560,0
5561,0
5562,0
5563,0
5564,0
5565,0
5566,1
5567,1
5568,0
5569,0
5570,0
5571,0
5572,1
5573,0
5574,0
5575,1
5576,0
5577,1
5578,0
5579,1
5580,1
5581,0
5582,0
5583,0
5584,1
5585,0
5586,0
5587,1
5588,0
5589,1
5590,1
5591,0
5592,0
5593,0
5594,0
5595,1
5596,1
5597,0
5598,0
5599,0
5600,1
5601,0
5602,1
5603,1
5604,0
5605,0
5606,0
5607,0
5608,1
5609,0
5610,1
5611,1
5612,1
5613,0
5614,0
5615,1
5616,0
5617,0
5618,0
5619,0
5620,1
5621,1
5622,0
5623,0
5624,1
5625,0
5626,0
5627,0
5628,0
5629,0
5630,1
5631,0
5632,0
5633,0
5634,0
5635,0
5636,0
5637,0
5638,0
5639,1
5640,0
5641,1
5642,0
5643,1
5644,0
5645,0
5646,0
5647,0
5648,0
5649,0
5650,1
5651,0
5652,1
5653,0
5654,0
5655,0
5656,1
5657,0
5658,0
5659,0
5660,1
5661,0
5662,1
5663,0
5664,1
5665,0
5666,1
5667,0
5668,0
5669,0
5670,1
5671,1
5672,0
5673,1
5674,0
5675,0
5676,0
5677,1
5678,1
5679,0
5680,1
5681,0
5682,0
5683,0
5684,1
5685,0
5686,1
5687,1
5688,1
5689,0
5690,1
5691,1
5692,0
5693,0
5694,1
5695,1
5696,1
5697,0
5698,0
5699,0
5700,0
5701,1
5702,0
5703,0
5704,0
5705,0
5706,0
5707,0
5708,0
5709,1
5710,0
5711,0
5712,0
5713,0
5714,1
5715,0
5716,0
5717,0
5718,0
5719,0
5720,1
5721,0
5722,0
5723,0
5724,1
5725,0
5726,0
5727,0
5728,1
5729,0
5730,0
5731,0
5732,1
5733,0
5734,0
5735,0
5736,0
5737,0
5738,0
5739,1
5740,1
5741,0
5742,1
5743,0
5744,0
5745,1
5746,0
5747,0
5748,0
5749,1
5750,1
5751,0
5752,0
5753,0
5754,0
5755,0
5756,0
5757,0
5758,1
5759,1
5760,1
5761,0
5762,0
5763,0
5764,0
5765,1
5766,0
5767,0
5768,0
5769,0
5770,1
5771,0
5772,0
5773,0
5774,0
5775,0
5776,1
5777,0
5778,0
5779,0
5780,0
5781,0
5782,0
5783,0
5784,1
5785,0
5786,0
5787,0
5788,0
5789,1
5790,1
5791,1
5792,1
5793,0
5794,0
5795,0
5796,1
5797,1
5798,1
5799,1
5800,1
5801,1
5802,0
5803,0
5804,1
5805,1
5806,0
5807,1
5808,0
5809,1
5810,0
5811,1
5812,1
5813,0
5814,0
5815,0
5816,1
5817,0
5818,0
5819,1
5820,0
5821,1
5822,0
5823,0
5824,0
5825,1
5826,0
5827,0
5828,0
5829,0
5830,0
5831,1
5832,0
5833,0
5834,0
5835,0
5836,1
5837,0
5838,1
5839,0
5840,0
5841,0
5842,0
5843,0
5844,0
5845,0
5846,1
5847,0
5848,0
5849,0
5850,0
5851,1
5852,0
5853,1
5854,1
5855,0
5856,0
5857,0
5858,0
5859,1
5860,0
5861,0
5862,0
5863,1
5864,1
5865,1
5866,1
5867,1
5868,0
5869,1
5870,0
5871,1
5872,0
5873,0
5874,0
5875,0
5876,0
5877,0
5878,1
5879,1
5880,0
5881,0
5882,0
5883,0
5884,1
5885,0
5886,1
5887,0
5888,1
5889,0
5890,0
5891,0
5892,0
5893,1
5894,0
5895,0
5896,1
5897,0
5898,1
5899,0
5900,0
5901,0
5902,0
5903,1
5904,1
5905,0
5906,0
5907,1
5908,1
5909,0
5910,1
5911,0
5912,0
5913,0
5914,0
5915,0
5916,1
5917,0
5918,0
5919,0
5920,0
5921,0
5922,0
5923,1
5924,0
5925,1
5926,1
5927,0
5928,0
5929,0
5930,1
5931,0
5932,1
5933,0
5934,0
5935,0
5936,0
5937,0
5938,0
5939,0
5940,1
5941,0
5942,1
5943,0
5944,0
5945,0
5946,1
5947,1
5948,0
5949,1
5950,0
5951,0
5952,1
5953,0
5954,0
5955,0
5956,1
5957,1
5958,0
5959,1
5960,1
5961,0
5962,0
5963,0
5964,0
5965,1
5966,0
5967,0
5968,0
5969,0
5970,1
5971,0
5972,0
5973,0
5974,0
5975,0
5976,1
5977,0
5978,0
5979,1
5980,0
5981,0
5982,0
5983,0
5984,0
5985,0
5986,1
5987,0
5988,0
5989,0
5990,0
5991,0
5992,1
5993,0
5994,1
5995,0
5996,0
5997,0
5998,0
5999,0
6000,1
6001,0
6002,0
6003,0
6004,1
6005,0
6006,0
6007,0
6008,0
6009,0
6010,0
6011,1
6012,1
6013,1
6014,0
6015,0
6016,0
6017,0
6018,0
6019,0
6020,0
6021,1
6022,0
6023,0
6024,1
6025,0
6026,0
6027,1
6028,0
6029,1
6030,1
6031,0
6032,0
6033,0
6034,0
6035,0
6036,0
6037,0
6038,0
6039,0
6040,1
6041,0
6042,0
6043,1
6044,1
6045,0
6046,1
6047,1
6048,0
6049,1
6050,0
6051,0
6052,0
6053,1
6054,0
6055,0
6056,0
6057,1
6058,0
6059,0
6060,1
6061,0
6062,0
6063,1
6064,0
6065,0
6066,0
6067,0
6068,0
6069,0
6070,1
6071,0
6072,1
6073,1
6074,0
6075,0
6076,0
6077,0
6078,0
6079,1
6080,1
6081,1
6082,0
6083,1
6084,0
6085,0
6086,0
6087,0
6088,0
6089,1
6090,0
6091,1
6092,0
6093,0
6094,0
6095,0
6096,1
6097,0
6098,0
6099,0
6100,1
6101,0
6102,0
6103,1
6104,0
6105,0
6106,0
6107,0
6108,0
6109,0
6110,0
6111,1
6112,0
6113,0
6114,1
6115,0
6116,0
6117,0
6118,1
6119,0
6120,1
6121,0
6122,1
6123,0
6124,0
6125,0
6126,0
6127,0
6128,0
6129,1
6130,0
6131,0
6132,0
6133,0
6134,0
6135,1
6136,0
6137,1
6138,0
6139,0
6140,1
6141,0
6142,1
6143,0
6144,0
6145,0
6146,0
6147,0
6148,0
6149,0
6150,1
6151,0
6152,1
6153,0
6154,0
6155,0
6156,0
6157,0
6158,1
6159,0
6160,1
6161,1
6162,0
6163,0
6164,0
6165,1
6166,0
6167,1
6168,1
6169,0
6170,1
6171,1
6172,1
6173,1
6174,0
6175,1
6176,0
6177,1
6178,1
6179,0
6180,1
6181,0
6182,0
6183,0
6184,0
6185,0
6186,0
6187,0
6188,0
6189,0
6190,0
6191,0
6192,0
6193,0
6194,0
6195,1
6196,1
6197,0
6198,0
6199,0
6200,0
6201,1
6202,1
6203,0
6204,0
6205,0
6206,0
6207,0
6208,0
6209,1
6210,1
6211,1
6212,0
6213,0
6214,1
6215,1
6216,0
6217,0
6218,0
6219,0
6220,1
6221,0
6222,0
6223,0
6224,0
6225,1
6226,1
6227,0
6228,0
6229,0
6230,0
6231,1
6232,0
6233,1
6234,1
6235,0
6236,0
6237,0
6238,0
6239,0
6240,0
6241,0
6242,0
6243,0
6244,0
6245,1
6246,0
6247,0
6248,0
6249,0
6250,0
6251,0
6252,0
6253,0
6254,0
6255,0
6256,0
6257,1
6258,0
6259,0
6260,0
6261,1
6262,0
6263,1
6264,1
6265,0
6266,0
6267,1
6268,1
6269,0
6270,1
6271,0
6272,0
6273,0
6274,0
6275,0
6276,0
6277,0
6278,0
6279,0
6280,1
6281,1
6282,0
6283,0
6284,1
6285,0
6286,0
6287,0
6288,0
6289,0
6290,1
6291,0
6292,0
6293,0
6294,0
6295,1
6296,0
6297,1
6298,0
6299,0
6300,0
6301,0
6302,0
6303,0
6304,1
6305,0
6306,0
6307,1
6308,0
6309,1
6310,1
6311,0
6312,0
6313,1
6314,0
6315,0
6316,0
6317,0
6318,0
6319,0
6320,0
6321,1
6322,0
6323,1
6324,0
6325,0
6326,0
6327,1
6328,0
6329,0
6330,1
6331,0
6332,0
6333,0
6334,0
6335,0
6336,0
6337,1
6338,0
6339,0
6340,0
6341,0
6342,1
6343,0
6344,0
6345,0
6346,1
6347,1
6348,0
6349,0
6350,0
6351,0
6352,0
6353,0
6354,0
6355,0
6356,1
6357,1
6358,0
6359,1
6360,0
6361,0
6362,0
6363,0
6364,0
6365,0
6366,0
6367,0
6368,1
6369,0
6370,0
6371,1
6372,0
6373,1
6374,1
6375,1
6376,0
6377,1
6378,1
6379,0
6380,1
6381,0
6382,0
6383,1
6384,1
6385,1
6386,1
6387,0
6388,1
6389,0
6390,0
6391,1
6392,1
6393,1
6394,0
6395,0
6396,0
6397,0
6398,0
6399,1
6400,0
6401,0
6402,1
6403,0
6404,1
6405,1
6406,0
6407,0
6408,0
6409,0
6410,1
6411,0
6412,0
6413,0
6414,0
6415,0
6416,0
6417,0
6418,0
6419,1
6420,0
6421,0
6422,0
6423,0
6424,0
6425,0
6426,0
6427,0
6428,0
6429,0
6430,1
6431,0
6432,0
6433,0
6434,1
6435,1
6436,0
6437,0
6438,0
6439,0
6440,0
6441,0
6442,1
6443,1
6444,1
6445,0
6446,0
6447,0
6448,1
6449,0
6450,1
6451,0
6452,0
6453,0
6454,0
6455,0
6456,0
6457,1
6458,0
6459,0
6460,0
6461,1
6462,1
6463,0
6464,1
6465,0
6466,0
6467,0
6468,0
6469,1
6470,1
6471,0
6472,0
6473,0
6474,1
6475,0
6476,0
6477,0
6478,1
6479,0
6480,0
6481,0
6482,0
6483,0
6484,0
6485,0
6486,1
6487,0
6488,0
6489,1
6490,0
6491,0
6492,0
6493,1
6494,0
6495,1
6496,0
6497,0
6498,0
6499,0
6500,0
6501,1
6502,1
6503,0
6504,0
6505,1
6506,1
6507,1
6508,0
6509,1
6510,0
6511,1
6512,0
6513,0
6514,1
6515,0
6516,0
6517,0
6518,1
6519,0
6520,0
6521,1
6522,0
6523,1
6524,0
6525,0
6526,0
6527,0
6528,0
6529,1
6530,0
6531,1
6532,0
6533,0
6534,1
6535,1
6536,0
6537,0
6538,1
6539,0
6540,1
6541,0
6542,1
6543,0
6544,0
6545,0
6546,1
6547,0
6548,0
6549,0
6550,0
6551,0
6552,0
6553,0
6554,0
6555,0
6556,1
6557,0
6558,0
6559,1
6560,1
6561,0
6562,1
6563,1
6564,1
6565,0
6566,0
6567,1
6568,1
6569,0
6570,0
6571,0
6572,0
6573,0
6574,1
6575,0
6576,0
6577,0
6578,0
6579,0
6580,1
6581,0
6582,0
6583,0
6584,0
6585,0
6586,0
6587,1
6588,0
6589,0
6590,0
6591,0
6592,1
6593,0
6594,1
6595,0
6596,0
6597,0
6598,0
6599,0
6600,0
6601,0
6602,0
6603,0
6604,1
6605,0
6606,0
6607,1
6608,0
6609,1
6610,1
6611,1
6612,1
6613,0
6614,0
6615,0
6616,0
6617,0
6618,0
6619,0
6620,0
6621,1
6622,1
6623,1
6624,0
6625,1
6626,0
6627,1
6628,0
6629,1
6630,0
6631,1
6632,0
6633,1
6634,0
6635,1
6636,0
6637,1
6638,1
6639,0
6640,0
6641,1
6642,0
6643,0
6644,0
6645,0
6646,0
6647,1
6648,1
6649,0
6650,1
6651,0
6652,0
6653,0
6654,0
6655,0
6656,0
6657,1
6658,0
6659,0
6660,0
6661,1
6662,0
6663,0
6664,0
6665,0
6666,1
6667,1
6668,1
6669,0
6670,0
6671,1
6672,1
6673,1
6674,0
6675,0
6676,1
6677,0
6678,0
6679,1
6680,1
6681,0
6682,0
6683,0
6684,0
6685,1
6686,0
6687,0
6688,0
6689,0
6690,1
6691,1
6692,0
6693,0
6694,0
6695,0
6696,1
6697,0
6698,1
6699,1
6700,0
6701,1
6702,0
6703,0
6704,1
6705,0
6706,0
6707,1
6708,0
6709,0
6710,1
6711,0
6712,1
6713,0
6714,0
6715,1
6716,0
6717,1
6718,0
6719,0
6720,1
6721,0
6722,0
6723,0
6724,0
6725,0
6726,1
6727,1
6728,1
6729,0
6730,0
6731,0
6732,0
6733,1
6734,0
6735,0
6736,0
6737,0
6738,1
6739,1
6740,0
6741,0
6742,0
6743,0
6744,0
6745,1
6746,0
6747,0
6748,1
6749,1
6750,0
6751,0
6752,1
6753,1
6754,0
6755,0
6756,0
6757,1
6758,0
6759,1
6760,0
6761,0
6762,0
6763,1
6764,1
6765,1
6766,0
6767,1
6768,0
6769,1
6770,0
6771,0
6772,0
6773,1
6774,1
6775,0
6776,0
6777,0
6778,1
6779,0
6780,0
6781,0
6782,0
6783,0
6784,0
6785,1
6786,1
6787,1
6788,0
6789,1
6790,1
6791,0
6792,0
6793,1
6794,0
6795,0
6796,0
6797,0
6798,0
6799,1
6800,0
6801,1
6802,0
6803,0
6804,0
6805,1
6806,0
6807,0
6808,0
6809,0
6810,1
6811,0
6812,0
6813,1
6814,0
6815,1
6816,1
6817,0
6818,0
6819,0
6820,0
6821,0
6822,0
6823,0
6824,0
6825,0
6826,0
6827,0
6828,0
6829,0
6830,0
6831,0
6832,0
6833,0
6834,0
6835,0
6836,0
6837,0
6838,0
6839,0
6840,0
6841,0
6842,0
6843,0
6844,1
6845,1
6846,0
6847,0
6848,1
6849,1
6850,0
6851,0
6852,0
6853,1
6854,0
6855,1
6856,1
6857,0
6858,1
6859,0
6860,0
6861,0
6862,0
6863,1
6864,0
6865,1
6866,1
6867,0
6868,1
6869,1
6870,0
6871,1
6872,0
6873,1
6874,0
6875,0
6876,0
6877,1
6878,0
6879,0
6880,0
6881,0
6882,0
6883,0
6884,1
6885,0
6886,1
6887,0
6888,0
6889,0
6890,0
6891,0
6892,0
6893,0
6894,0
6895,0
6896,1
6897,0
6898,0
6899,0
6900,0
6901,0
6902,0
6903,0
6904,0
6905,0
6906,0
6907,0
6908,0
6909,0
6910,0
6911,1
6912,0
6913,1
6914,0
6915,0
6916,1
6917,0
6918,0
6919,1
6920,0
6921,0
6922,0
6923,0
6924,1
6925,1
6926,0
6927,0
6928,0
6929,0
6930,1
6931,0
6932,0
6933,1
6934,0
6935,0
6936,1
6937,0
6938,1
6939,0
6940,0
6941,0
6942,0
6943,1
6944,0
6945,1
6946,1
6947,0
6948,0
6949,0
6950,1
6951,0
6952,0
6953,1
6954,0
6955,0
6956,0
6957,0
6958,0
6959,1
6960,1
6961,1
6962,0
6963,0
6964,0
6965,0
6966,0
6967,0
6968,0
6969,0
6970,0
6971,0
6972,0
6973,0
6974,0
6975,1
6976,1
6977,0
6978,1
6979,1
6980,0
6981,0
6982,0
6983,0
6984,0
6985,0
6986,1
6987,0
6988,1
6989,0
6990,0
6991,0
6992,0
6993,1
6994,1
6995,1
6996,0
6997,0
6998,0
6999,1
